net_id,modules
0,"6,15,17,57,64,100,117,139,186,195"
1,"113,192"
2,"22,25,35,56,72,84,142,147,197"
3,"73,88"
4,"32,90,156,192"
5,"68,172"
6,"51,182,196"
7,"29,94,110"
8,"56,107,111,124,132,150,172,192,196,199"
9,"32,83"
10,"31,37,91"
11,"13,98,155,194"
12,"63,97,127,138,154,190"
13,"16,26,47,80,86,153,155,163"
14,"8,25,42,51,190"
15,"3,10,40,86,124,142,164,174,182"
16,"74,107,138,160,186"
17,"11,59,120,165,172"
18,"35,52,57,73,89,131,157"
19,"27,33,38,45,46,73,172,176"
20,"13,23,31,36,103,126,140,172,191"
21,"41,67,69,72,84,103,112,152,178"
22,"54,134"
23,"7,8,113,143,174,184,196"
24,"83,110,112,115,138,172"
25,"60,100,103,105,108,118,121,199"
26,"4,34,38"
27,"11,24,59,73,154,180,196,198"
28,"8,23,35,102,108,145,154,165,183"
29,"28,68,102,105,108,120,138,163,174,175"
30,"72,88"
31,"43,50,59,78,131"
32,"33,54,60,82,120,144,152,153,195"
33,"155,165"
34,"85,122,126,150,154,173,178,187"
35,"8,33,65,85,103,107,131,155,191"
36,"69,88,117,175"
37,"18,23,66,120,156,158,187,193"
38,"28,64,68,73,74,94,104,183"
39,"7,160"
40,"5,18,94,116,133"
41,"26,38,172,187"
42,"11,13,25,35,57,85,120,151,157,162"
43,"10,96,151,191,199"
44,"62,81"
45,"7,23,33,43,54,76,188,193"
46,"7,72"
47,"2,26,31,56,106,108,121,164,166,188"
48,"49,74,81,93,107,117,160,165,181,182"
49,"1,2,27,55,189"
50,"10,11,67,137,172"
51,"35,91,130,146,168,194"
52,"23,145,197"
53,"27,64,66,78,138,142,170"
54,"16,27,29,90,115"
55,"38,136,187,196"
56,"28,44,66,148,151"
57,"36,46,55,57,70,87,115,137,148,172"
58,"65,186"
59,"10,36,52,75,90,186"
60,"13,48,51,88,129,148,161,169,184"
61,"15,72,74,87,100,184"
62,"9,21,39,54,115,124,186,199"
63,"112,129,133,192"
64,"121,136,147,149,155,167,170,180"
65,"2,12,88,91,112,123,127"
66,"5,158"
67,"15,26,27,64,74,153,179,187"
68,"84,121"
69,"98,136,142,165,199"
70,"1,87,144,166,171,178,180,185"
71,"115,159"
72,"29,96,115,131"
73,"30,90,126,171,196"
74,"25,27,101,105,124,141,154"
75,"8,103,129,188"
76,"10,15,59,79,161,198"
77,"5,7,11,48,106,107,122,129,147,153"
78,"55,102"
79,"32,82,97,148"
80,"56,166"
81,"58,87,120,152,183,189"
82,"27,29,40,58,115,129,146,162,170"
83,"130,196"
84,"32,121"
85,"1,10,22,95,103,130"
86,"21,47,72,83,89,118,143,156,180,193"
87,"9,10,143"
88,"4,5,6,45,77,105,121,158,185"
89,"68,123"
90,"88,172"
91,"182,186,187"
92,"31,81,90,116,126,132,154,164"
93,"67,79,82,85,111,123,125,140,173,185"
94,"20,36,39,74,123,140"
95,"3,39,53,69,95,102,104,122,196"
96,"26,104,146,150,168,180,181,195"
97,"7,33,47,49,62,99,186,194,199"
98,"14,29,52,145"
99,"1,55,80,127,157,171,183"
100,"1,11,52,94,115"
101,"25,72,94,104,147,170"
102,"63,100,128"
103,"15,40,62,79,101,106,158,199"
104,"34,159,171"
105,"3,19,27,67,75,94,123,150,186,191"
106,"20,28,54,95,108,128,148,188"
107,"11,24,40,52,67,109,141,177,180"
108,"14,38,78,111,127"
109,"14,33,34,40,118,122,135,196"
110,"18,28,42,58,80,89,117,123"
111,"20,92,108,167"
112,"71,77"
113,"22,34,40,120,171,174,179"
114,"8,65,91,92,133,143,170,171,194"
115,"27,32,65,86,94,153,169"
116,"6,85,158,167,186"
117,"19,138"
118,"50,51,81,86,92,100,142,153,194"
119,"117,176"
120,"41,46,102,115"
121,"21,35,100,173,184"
122,"44,52,84,104"
123,"1,109,119,127,143,184"
124,"77,115,163"
125,"1,14,20,57,62,75,125,149,154,162"
126,"26,44"
127,"60,80,96,124,129,150,151,177,181"
128,"15,59,75,97,122,149"
129,"21,101,105,112,135,148,152,187"
130,"27,78,101"
131,"57,128,129,184"
132,"31,59,82,116,153,168,198"
133,"0,59,79,98,99,112,179"
134,"62,150,151,183"
135,"44,87,89,112,149,182"
136,"16,78,79,80,104,173"
137,"56,79,92,94,151"
138,"52,58,59,72,80,125,163"
139,"4,56,82,104,105,144"
140,"12,118,175"
141,"15,46,70,127,170"
142,"38,173"
143,"57,95,102"
144,"21,60,74,99,125,198"
145,"7,68,75,84,144,148"
146,"54,93,111,116,118,127,173"
147,"5,6,28,103,113,157,189"
148,"9,74,95,134,165"
149,"105,149"
150,"9,19,36,54,68,115,151,156,178"
151,"22,37,63"
152,"47,126"
153,"81,96,100,118,144,190,196,199"
154,"46,81"
155,"31,56,60,61,65,90,109,137,142"
156,"27,63,95,98,109,123,181"
157,"17,63,70,72,90,113,179,187"
158,"47,59,135,137,173"
159,"25,28,35,53,79,101,131,194,199"
160,"5,11,71,99,101,103,170,189,190,198"
161,"2,28,52,111,131,138"
162,"0,6,19,27,64,168"
163,"119,129,166"
164,"79,173"
165,"8,23,26,50,54,58,79,81,124,173"
166,"1,18,20,44,49,142,147,155,197"
167,"12,15,66,101,120,122,123,133"
168,"32,65,154"
169,"55,139,144,191,198"
170,"15,49,166"
171,"23,63,152,171"
172,"62,88,141,143,184"
173,"6,175"
174,"1,57,81,101,127"
175,"111,197"
176,"12,79,81,111,130,138,143,146"
177,"75,84,88,104,129,143,151,155"
178,"53,129,134,142,165"
179,"11,73,93,115,152,155,157"
180,"66,113,125,136,141,168,186,191"
181,"41,83,92"
182,"4,26,33,42,47,77,91,100,137,183"
183,"1,16,80,105,121,135,146"
184,"23,43,56,61,86,101,132"
185,"2,41,130,179"
186,"63,66,103"
187,"26,131,154,186,191,197"
188,"49,85,133"
189,"9,11,15,22,72,104,126,153,172,193"
190,"15,25,51,116"
191,"56,57,83,98,165,166,175,182,186,196"
192,"89,121,183,188"
193,"146,166"
194,"46,50,76,98,116,146,192"
195,"9,46,55,75,81,131,154,199"
196,"20,150"
197,"3,26,40,77,91,195"
198,"59,171,177"
199,"26,63,85,90,108,113,165,189,199"
200,"7,8,34,50,64,69,81,90,118,149"
201,"0,55,58,69,81,112,116,164,166,178"
202,"24,39,98,122,133,143,163,192"
203,"2,46,74,93,102,123,137,153,158"
204,"13,96,103,156"
205,"43,70,76,121,131,196"
206,"10,89,90,107,182,183"
207,"20,50,57,120,147,161"
208,"9,11,75,99,145,151,154,180,194,199"
209,"1,27,35,62,72,82,84,101,112"
210,"19,28,42,44,50,68,76,123,130"
211,"52,63"
212,"41,50,74,87,108,123,163,189"
213,"32,145,154"
214,"89,109,130"
215,"4,80"
216,"137,150,170"
217,"31,35,111,130,135,140,155,162,184,186"
218,"2,16,19,40,71,82,101,141,160,180"
219,"35,145"
220,"124,134,147"
221,"10,29"
222,"56,107,158"
223,"24,63,64,114,128,151,160,175,198"
224,"14,17,44,81,133,185"
225,"14,29,192"
226,"59,103,152,156,178"
227,"8,22,47,82,132,163,182"
228,"16,104"
229,"19,77,104,119,123,161"
230,"19,36,37,64,66,67,132,174,189,199"
231,"149,170,176"
232,"26,29,94,99,114,173,185"
233,"13,30,36,95,109,121,133,142,181"
234,"26,31,53,76,79,120,121,145,165,199"
235,"8,14,16,42,51,79,86,119,124,135"
236,"11,14,17,24,68,91,121,172,181"
237,"8,62,96,128,171,191"
238,"0,3,5,18,86,97,128,136,149,154"
239,"26,34,62,79,101,117,135,164,182,197"
240,"27,44,50,104,109,133,137,141"
241,"15,23,78,101,123,126,173,182"
242,"4,65,118,131,149,150,187,195"
243,"60,87,117,150,160,171,176"
244,"14,31"
245,"48,70,86,199"
246,"16,57,87,120"
247,"12,122,197"
248,"4,5,8,13,25,84,113,181"
249,"19,120,129,191"
250,"12,25,80,101,150"
251,"112,155"
252,"11,15,26,85,89,92,140,188,189,190"
253,"11,27,100,128,181,188,189,190,195"
254,"112,117,158,181"
255,"41,151,183"
256,"4,81,113,121,143,170"
257,"4,66,77,140,177"
258,"5,17,129,144,166,174"
259,"34,64,79,82,100,105,165,176,190"
260,"27,94,156,176"
261,"23,55,56,57,141,146,199"
262,"12,19"
263,"31,41,119,126,135,160,174"
264,"1,8,41,46,84,103,120,140"
265,"58,91,102,113,148,193"
266,"3,139"
267,"50,66,124"
268,"21,42,61,77,82,101,135,143,166,172"
269,"68,121,126,199"
270,"23,32,87,91,106,144,174"
271,"0,12,57,88,116,130,133,164,188,189"
272,"41,82,91,149,155,180,194,197"
273,"38,94,122,135"
274,"45,49,52,124,129,152,153"
275,"33,45,110,123,129,133,154,180,189,192"
276,"46,63,97,132,134,153,160,174,182"
277,"15,17,62,78,83,94,103,157,176,187"
278,"46,64,119"
279,"3,95,120,123,172"
280,"37,146,174,198"
281,"2,18,30,39,43,73,97"
282,"0,16,29,30,79,102,111,145"
283,"35,61,97,107,110,117,119,151,198"
284,"64,80,85,117,135,136,141,164,176,179"
285,"51,109,125,141,198"
286,"23,48,60,86,101,116,181"
287,"1,73,98,148,155"
288,"39,76,130"
289,"77,148,161"
290,"39,83,148,186"
291,"92,124,138,146,176,197,199"
292,"14,33,42,45,114,152,173,198,199"
293,"40,129"
294,"10,24,50,62,71,113,135,140"
295,"29,150,188"
296,"22,40,60,113,155,188"
297,"129,199"
298,"3,63,68,73,105,115,120,158,186,188"
299,"6,15,38,84,166"
300,"29,46,55,129,132,137,145,146,147,154"
301,"24,154,196"
302,"15,25,33,50,57,66,107,143,150"
303,"34,153,164"
304,"2,193"
305,"67,78,84,96,136,154"
306,"25,54,57,130,135"
307,"16,87,144"
308,"51,138,151,168,171"
309,"0,23,24,29,85,111,115,116,138,188"
310,"35,66,120,149,160"
311,"71,88,124,170"
312,"149,187"
313,"1,47,49,71,99"
314,"64,80,82,99,106,154,161,168,177,195"
315,"27,87,105,133,153,172,176"
316,"80,91,109,143,144,145,153,171,185"
317,"71,170"
318,"59,74,121"
319,"1,95,118,148,196"
320,"9,170,173,194,197"
321,"16,18,46,67,75,96,97,168,197"
322,"12,70,98,112,155,189"
323,"29,178"
324,"25,109,134"
325,"82,98"
326,"31,34,41,59,108,128,132,174"
327,"8,100,114,121,186,188"
328,"54,57,89,122,167,170"
329,"114,156,188"
330,"28,45,82,88,91,103,123,134,162,185"
331,"10,21,55,93,103,134,149,186,187,191"
332,"78,91,96"
333,"10,56,76,90,162"
334,"48,50,80,102,128,156,158,191,193,198"
335,"15,18,35,48,74,93,105,128,140,181"
336,"11,40,55,77,98,116,145,148,167,189"
337,"124,130"
338,"52,56,121,150,156,165,169,178"
339,"35,74"
340,"66,105,160,174"
341,"30,56,78,84,94,99,115,119,143,170"
342,"27,84,133,184"
343,"53,71,72,95,134"
344,"5,55,65,125,140,145"
345,"7,45"
346,"44,127,144,158,173,184"
347,"90,179"
348,"10,13,49,120,145,153"
349,"17,32,46,88,101,197"
350,"9,13,30,75,103,111,115,120,121,131"
351,"24,30,80,87,111,127,139,177,188,193"
352,"13,53,94,111"
353,"22,47,80,122,142,146,148,167,191,193"
354,"5,14,94"
355,"106,124,125"
356,"16,64,74,75,92,122,132,181,193"
357,"4,77,109,147,171,176"
358,"90,103,111,132,167"
359,"34,55,57,65,98,128,138,184,195"
360,"68,130,153"
361,"6,10,30,79,115,118,124,132"
362,"174,180"
363,"30,74,81,91,160,180,194"
364,"5,6,27,38,56,153,164,180"
365,"48,66,113"
366,"11,69,173"
367,"17,65,102,151,157,183"
368,"28,90,108"
369,"32,70,83,105,184,189"
370,"4,11,25,30,46,79,94,160,180,193"
371,"35,52,125,136,172"
372,"35,53,63,80,100,154,170"
373,"28,32,50,64,122,176"
374,"3,41,83,102,105,137,153,180"
375,"0,7,19,68,92,94,139,141,163,180"
376,"7,52,66,84,99,108,116,151"
377,"30,91,145,180,195"
378,"23,79,141,177,179,182"
379,"64,108,149"
380,"92,165"
381,"120,127"
382,"6,14,43,118,161,199"
383,"6,65,101,111,177"
384,"8,17,40,70,77,152,171"
385,"1,21,43,107,137,159,164,174,179"
386,"5,15,56,90,100,108,115,122,135,149"
387,"28,36,66,78,85,118,136,172,189"
388,"5,17,27,76,78,143,148,183"
389,"8,23,99,110,152"
390,"51,55,62,115"
391,"20,178"
392,"4,14,26,36,55,85,107,141,169"
393,"0,21,26,119,122,156,170,178,180,193"
394,"0,11,19,63,126,137,193"
395,"41,71,122,197"
396,"32,106,136,154,182,193"
397,"1,7,71,103,116,130,140,152"
398,"3,42,74,96,112,135,160,184,195"
399,"73,109,192"
400,"27,99,120,149,171"
401,"2,198"
402,"56,89,125,143,151,199"
403,"16,48,68,90,127,135,179"
404,"52,115,137,179,186"
405,"1,50,105,110,113,142,176,177"
406,"9,58,66,87,137,180"
407,"41,82,96,127,136,143,150,178,183,189"
408,"7,9,14,81,100,146,160,174,177"
409,"144,155"
410,"42,75,86,180"
411,"15,65,69,74,178"
412,"21,34,56,68,113,116,125,141,186,189"
413,"26,185"
414,"6,20,33,61,89,143"
415,"18,173"
416,"25,49,62,75,124,142,145,193"
417,"79,103,161"
418,"30,37,44,106,119,121,131,146,162,165"
419,"17,43,82,102,162"
420,"47,74,80,111,123,132,142,150,152,193"
421,"16,18,52,63,112,116,135,156,172,183"
422,"88,109,138,161,181,190"
423,"14,108"
424,"33,45,46,84,124,149,150,199"
425,"19,42,78,91,107,180"
426,"1,26,43,70,77,82,107,112"
427,"68,73,115,140,185"
428,"38,135,144"
429,"3,5,20,49,58,88,97,107,137,178"
430,"1,11,17,23,35,104,159,164"
431,"8,15,62,67,73,90,106,178"
432,"100,181"
433,"0,43,71,93"
434,"13,63,80,100,134,147"
435,"0,7,33,42,148,177,179,188"
436,"5,9,48,72,75,147,160,199"
437,"39,84,168"
438,"5,33,46,80,111,114,162,173,176"
439,"4,5,15,40,44,64,73,95,149"
440,"14,19,136,141,169"
441,"2,85,178"
442,"2,19,66,161"
443,"2,19,34,95,116,123,129,175"
444,"15,72,117,120,125,181,194"
445,"21,148,189"
446,"13,71,129,137,159,172,173,181"
447,"34,42,62,84,85,105,113,168,194"
448,"12,57,58,61,64,81,136"
449,"27,67,76,104,109,148"
450,"11,24,39,44,54,61,85,136"
451,"30,62,79,146"
452,"50,141,146"
453,"26,30,44,57,161,182"
454,"3,5,15"
455,"21,24,30,31,33,54,112,136,162,172"
456,"96,180"
457,"17,96"
458,"5,8,15,89,94,131,190,191"
459,"57,102"
460,"33,76,78,94,99,121,150,155,163,190"
461,"7,22,61,64,80,91,129,154,157,165"
462,"78,115"
463,"55,64,88,105,154"
464,"17,18,72,99,119,170"
465,"22,23,67,70,107,197"
466,"1,5,66,69,107"
467,"89,108,182,198"
468,"7,8,56,93,112,124,154,188"
469,"94,114,171"
470,"31,71,72,101,109,117,121,172"
471,"20,61,117,160,170"
472,"25,62,108,178"
473,"18,70,115,146"
474,"95,131,143,170"
475,"64,141,150,151,163,165,178"
476,"88,97,193"
477,"52,70,93,105,120,131,160,178,183,185"
478,"25,29,60,110,135,171"
479,"18,27,56,71,72,105,115,157,162,175"
480,"6,36,50,75,181"
481,"8,36,81,122,137,170,192,199"
482,"3,8,9,81,117,146,176,189"
483,"32,65,80,93,148,156,160,188,194"
484,"50,77,96,102,147,160,184,187,189,191"
485,"43,45,56,63,142"
486,"35,149,161"
487,"14,20,38,47,73,75,79,85,119,196"
488,"2,5,23,73,81,86,134,161,184"
489,"26,68,114,135,144,159,171"
490,"56,70,82,172,180,194,198"
491,"22,29,87,91,126,141,192,197"
492,"52,68,79,81,110,130,146,179"
493,"13,39"
494,"2,38,156"
495,"11,51,56,138,141,144,171,190"
496,"6,24,29,32,102,145,163,190,191"
497,"80,97,115,143"
498,"1,82,164"
499,"20,23,29,54,96,111,122,156,191"
500,"13,29,50,87,126"
501,"60,65,84,115,122,157,163"
502,"85,128,147"
503,"11,31,46,71,132,145,146,147,159,193"
504,"12,20,26,32,44,111,126,137,140"
505,"4,23,38,95,193"
506,"7,42,46,95,146,152,195"
507,"50,51,61"
508,"9,19,27,36,84,122,142,144,169"
509,"14,33,61,120,154,164,166,193"
510,"18,37,87,104,133,154,162,176"
511,"3,66,117,124,146,159"
512,"25,75,84,110,117,187"
513,"7,13,69,86,134,162,169,189"
514,"1,13,34,51,68,70,126,145,183"
515,"34,55,125"
516,"3,11,31,39,101,125,142,147,186"
517,"111,161"
518,"84,118,124,136"
519,"7,36,41,79,193"
520,"15,42,131,149,156,175,191,192"
521,"20,55,100,111,145,192,199"
522,"20,25,81,152,172"
523,"21,65,90,92,138,154,175,177"
524,"26,36,43,59,116,163,170,178"
525,"18,38,58,67,82,134,140,151"
526,"14,90,150"
527,"24,57"
528,"8,62"
529,"82,124,142"
530,"0,12,28,30,36,72,124,136,146"
531,"1,19,43,56,58,99,143,157,197"
532,"35,77,196"
533,"97,130,141,145,164,170,191"
534,"27,28,45,125,145,157,182,191"
535,"56,65,107,120,191"
536,"7,40,46,90,145,149,160,165,177,189"
537,"60,86,92,176"
538,"26,38,48,81,147,174,178,195"
539,"0,24,112,133,134,138,150,160"
540,"98,172"
541,"33,34,123,124"
542,"17,19,88,157,192,193"
543,"3,7,19,20,65,68,114,116,137,169"
544,"29,128"
545,"7,22,25,36,73,79,129,149"
546,"11,69,127,139,151,190,199"
547,"57,63,67,89,195"
548,"16,25,45,49,51,72,141,190,193"
549,"11,22,63,91,92,138,141"
550,"31,53,131,139,180"
551,"1,5,59,164,171"
552,"7,32,114,170,172"
553,"17,29,45,55,79,109,182,187,193"
554,"91,190"
555,"51,54,76,79,99,130,167,172,197"
556,"39,51,125,128,160,167"
557,"25,51,79,86"
558,"1,88,144,145,150,166,170,191"
559,"0,78,103,119,133,141,173,183,185,196"
560,"8,46,54,56,63,125,134,166,184,191"
561,"8,81,92,160,180,199"
562,"11,108,110,132,153,189"
563,"11,61,70,74,97,114,130,180,181,192"
564,"13,22,37,51,57,68,83,98,119,161"
565,"35,75,87,96,115,133,142,199"
566,"27,92"
567,"19,74,78,111"
568,"60,70,150,188"
569,"114,132,147"
570,"70,91,134,143,167"
571,"18,24,46,47,97,195"
572,"66,108,116,145,181"
573,"143,171"
574,"60,68"
575,"13,79,92,98,165"
576,"120,188,193,199"
577,"27,63"
578,"19,29,60,124,157,163"
579,"116,138"
580,"3,25,63,145,168"
581,"37,122,129,144"
582,"8,31,95,115"
583,"35,62,110,118,122,187,191,196"
584,"148,167"
585,"32,46,104,109,188,198"
586,"24,40,101,106,108,134,166,192"
587,"22,24,30,34,73,75,79,155,157"
588,"3,15,76,95,125,135,181"
589,"47,68,102,131,132,176"
590,"79,92,96,107,156,159"
591,"18,21,79,94,97,111,142,152,176,187"
592,"24,45,58,79,84"
593,"75,109,149,167,185"
594,"17,18,68,117,121,195"
595,"27,61,66,93,119,137,139,147,148"
596,"36,39,46,51,99,144,168,187"
597,"2,49"
598,"8,70,130,140,153,160,171,190,199"
599,"46,82,132,137,139,158,169"
600,"63,87,114,122,158,177,180"
601,"8,39,66,78,95,134,140"
602,"17,64"
603,"0,85,97"
604,"19,39,57,102,188"
605,"39,68,89,136,174"
606,"1,50,74,193"
607,"28,57,95,102,110,131,132,177,186"
608,"7,67,164"
609,"6,21,72,96,178"
610,"7,21,117,144"
611,"5,6,22,119,137"
612,"9,45,63,129,147,167,198"
613,"102,108,146,156,158,163,172,189"
614,"10,51,77,116,131,186,189"
615,"17,24,44,60,66,95,130,180,181"
616,"79,123,127,129,155"
617,"19,38,117,118"
618,"38,42,76,81,115,131,139,154,166,192"
619,"24,46,57,74,109,126,127,134"
620,"24,89,116,163,165,178"
621,"10,22,64,113,132,141,159,171"
622,"21,48,77,88,117,137,144,189,192,196"
623,"36,69,139,182"
624,"80,178,198"
625,"39,132,140,152,198"
626,"31,73,139,176,186"
627,"20,132"
628,"10,36,60,62,64,68,142,159"
629,"164,180"
630,"38,59,69,94,108"
631,"11,22,30,63,67,77,96,111,130,136"
632,"44,177"
633,"6,32,53,81,103,110,152,161,190,193"
634,"5,132,138,158,164"
635,"54,62,122,148"
636,"103,127,136,141,144,187"
637,"49,198"
638,"38,62,112,118,194"
639,"34,52,114,129"
640,"50,81,114,161,191"
641,"99,115,116,130,140,147,154,180"
642,"2,5,80,90,97,106,114,115,139,187"
643,"7,74,111,126,139,155,167,177,198"
644,"30,47,70,108,111,119,189,192"
645,"7,17,62,67,115,117,162,193"
646,"3,8,18,190"
647,"15,22,44,79,109,127"
648,"157,179,193"
649,"1,98,100,131,141"
650,"32,69,134,158,189"
651,"9,64,92,114,118,156,186"
652,"70,130,152,173,183"
653,"11,27,64,83,100,130,145,151,181"
654,"52,68,85,138,169"
655,"1,10,16,100,170"
656,"21,184"
657,"12,88,126,170"
658,"11,83,188"
659,"17,33,55,60,66,82,98,146,155"
660,"11,13,15,36,62,76"
661,"45,66,85,169,175,197"
662,"27,78,191,198"
663,"4,10,12,28,110,120,131,165,188"
664,"64,75,137,140,162"
665,"34,87,130,147,157"
666,"5,85,97"
667,"46,62,155,185"
668,"29,36,65,82,116,176,178,181,189"
669,"4,161,168,192,195,197"
670,"5,10,22,127,145,163,177,185,190"
671,"64,75,96,101,132"
672,"22,71,77,85"
673,"25,32,37,75,125"
674,"26,114"
675,"4,52,173,177,180"
676,"68,131,186"
677,"34,46,126,150"
678,"51,78,101,103,114"
679,"135,138,168,179"
680,"160,190"
681,"18,27,72,82"
682,"45,101,104,123"
683,"2,7,21,42,47,116,118,121,143"
684,"73,96,99,112,132,138,184"
685,"83,85,192"
686,"19,32,65,112,181"
687,"44,68,79,92,126"
688,"1,70,72,101,107,123,176,187"
689,"3,98,107,110,154,160"
690,"52,53"
691,"49,118,132"
692,"19,22,30,33,69"
693,"30,37,70,101,102,125,155,191,198"
694,"31,37,74,78,84,90,101,165"
695,"4,83,107,147"
696,"1,28,51,52,58,83,105,136,146"
697,"18,84,91,96,115,120,169,183"
698,"9,70,80,93,166"
699,"8,18,21,36,103,158,160,193"
700,"4,44,49,101,183"
701,"44,74,121"
702,"128,179"
703,"60,152"
704,"34,49,60,69,76,77,143,157,167"
705,"32,56,65,73,108,109,115,121,150,190"
706,"59,83,123,124,152,173"
707,"13,108,138,184"
708,"66,191"
709,"43,64,121,122"
710,"7,82,96"
711,"44,138,199"
712,"15,49,79,80,103,111,158"
713,"55,63,95,154,166,175"
714,"83,87"
715,"15,39,100"
716,"32,48,53,184"
717,"65,132,156"
718,"10,36,82,118,132,199"
719,"4,28,33,103,125,166,184,194"
720,"11,163"
721,"13,42,55,75,77,80,121,174"
722,"13,112,193"
723,"10,32,59,151,166"
724,"82,108,188"
725,"35,52,87,110,123,131,163,199"
726,"27,33,53,72,130,137,146,174,176"
727,"12,14,20,51,132,154,181,195"
728,"93,135"
729,"38,59"
730,"3,7,10,18,21,32,76,135,146"
731,"57,92,101,106,161,168"
732,"58,62,65,78,94,165,174,184"
733,"0,16,38,68,109,159,162,186"
734,"1,2,50,135,146,186"
735,"30,40,61,69,107,127,130,133,150,167"
736,"68,168"
737,"45,80"
738,"9,128,160,175"
739,"67,105,148,150"
740,"26,38,45,63,121"
741,"4,9,15,42,49,65,73,111,179,183"
742,"4,49,117,173,183"
743,"37,38,106,114,195"
744,"42,61,111,153,156,173"
745,"38,44,54,77,107,174"
746,"4,21,43,73,82,106,140,158,162"
747,"41,70,84,114,149,173,190"
748,"44,49,66,113,130,197"
749,"132,146"
750,"5,55,72,74,81,94,167"
751,"40,144"
752,"8,131,147"
753,"60,117,134,141,150,151,168"
754,"63,139"
755,"99,130,150,180"
756,"10,26,37,61,129,147,156"
757,"6,63,92,94,138,145,162,186"
758,"148,177"
759,"5,118,168"
760,"16,35,40,76,99,114,144,152"
761,"30,76,114,133,136,144"
762,"18,21,48,177"
763,"6,43,48,56,57,119,135,199"
764,"48,53,58,92,97,114,131,135,162,197"
765,"4,39,75,81,105,127,138,156,167"
766,"8,84,112,163,172"
767,"48,156"
768,"19,183"
769,"42,70,80,117,125,157,175"
770,"40,130"
771,"14,82,93,111,174,199"
772,"6,44,147,153"
773,"4,15,37,49,58,106,112,182"
774,"37,67,85,113,118,119,129,142,158"
775,"43,91,155,161,188"
776,"6,11,107,117,155,163"
777,"9,27,71,100,118"
778,"98,128"
779,"142,149,161,192,195"
780,"17,29,40,57,113,120,190,199"
781,"7,26,53,56,133,146,164,183"
782,"0,19,28,81,117,122,147,148,179"
783,"22,130,162"
784,"76,118,120,121"
785,"30,31,60,101,106,135,143,185,191"
786,"35,91,93,109"
787,"19,47,64,104,131,150,188,190,196"
788,"123,143"
789,"85,88,109,116,130"
790,"0,8,28,34,73,75"
791,"11,85,90,101,120,168,185"
792,"19,73,87"
793,"18,48,74,117,167,170,173,181,199"
794,"19,30,39,47,72,124,126,149,172,186"
795,"19,72,98,146"
796,"9,68,99"
797,"28,41,45,78,132,155,183,189"
798,"10,15,23,48,100,107,134,161,171,193"
799,"15,31,71,100,117,135,158,159,179,196"
